0,Ayinger Weizenbock
1,Prior 8
2,Pannepøt - Old Monk's Ale
3,Bridge Road Pale Ale
4,Kasteel Winter
5,Urbock 23°
6,Praga Dark Lager
7,Malt's Beer
8,Jopen Hoppenbier
9,Emelisse TIPA
10,IPA Samurai
11,Klaster Premium
12,Zywiec Bock
13,De Prael Barley Wine
14,Okocim Jasne Pelne
15,Hevelius Kaper
16,Agamemnon
17,Aon Pecan Mud Cake - Bourbon Barrel-Aged
18,Perikles Pilsner
19,Shoutao Peach Slush IPA
20,Muscles
21,Bedarö Bitter
22,Valsviken Vinterporter
23,Julöl
24,Abrahadabra
25,Coffee Stout
26,Baronen
27,Mackaper
28,Brush
29,Imperial Stout
30,Leon
31,Passionfeber IPA
32,Örebro Bitter
33,CAmarillo
34,Bergsmansöl
35,Sigtuna Midvinterblot (2012 - )
36,Indian Tribute
37,Rökporter
38,Beglo
39,Bötet Barley Wine
40,Amarillo
41,Prodromus
42,Aniara
43,Omnipollo / Cervejaria Tupiniquim - Polimango
44,Onda Mosaic Pale Ale
45,Aurora
46,Omnipollo / Buxton - Original Rocky Road Ice Cream
47,Maz
48,West Coast IPA
49,Magic #4:21 Raspberry Smoothie IPA
50,Idjit!
51,Symzonia
52,Hypnopompa - Rum Barrel-Aged
53,Gimbagagompa Coffee Vanilla Granola
54,Coffee Vanilla Black
55,Hypnopompa
56,Dugges / Stillwater - Mango Mango Mango
57,Nautilus
58,Lustro
59,Amazing Haze
60,Bianca Mango Lassi Gose
61,Moebius
62,Lorelei
63,Brewski Mangofeber DIPA
64,Fatamorgana - Quadruple Dry-Hopped
65,Dugges / Stillwater - Speyside Cacao
66,Selassie - Coffee And Vanilla Beans
67,Omnipollo / Buxton - Original Texas Pecan Ice Cream
68,Pleroma
69,Hilma
70,Zodiak
71,"Carnegie Porter 5,5%"
72,Fatamorgana
73,Stillwater / Dugges - Tropic Punch Ale
74,Aon Pecan Mud Cake
75,Kaggen! Stormaktsporter
76,Nebuchadnezzar
77,Omnipollo / Trillium - Covered in Puppies
78,Boss Beer
79,Tyskie Gronie
80,Okocim Mocne
81,Harnas
82,Okocim Beer
83,Tatra
84,Warka
85,EB Premium
86,Karpackie Super
87,Tatra Mocne
88,Lomza Pelne (Premium Beer)
89,Lomza Mocne
90,Lomza Export
91,Brok Export
92,Karpackie Premium
93,Łomża Wyborowe
94,Lech Premium
95,Zamkowe
96,Warka Premium (Strong)
97,Brok Sambor Export
98,Kasztelan Unpasteurized (Niepasteryzowane)
99,Debowe Mocne
100,E B Natural Premium Quality Beer
101,Zubr
102,Kopernik
103,Kiper Pils
104,Van Pur Premium
105,O.K. Beer
106,Okocim Mocne Premium Malt Liquor
107,Perla Chmielowa (Hop Pearl)
108,Okocim (Zagloba) Premium Beer
109,Zamkowe Jasne
110,Zamkowe Dark
111,King Cobra
112,Rycerskie
113,"Czarny Boss Porter 18,1% Wag."
114,Żywiec APA
115,Staropolskie Mocne
116,Kiper Bock
117,Pszeniczniak
118,Perla Miodowa (Honey)
119,Kozlak
120,Warka Radler (Lemonade)
121,Boss Kozlak (Bock)
122,Grand Imperial Porter
123,Piwo Z Grodziska
124,Black Boss Porter
125,Porter
126,Komes Baltic Porter
127,Hamer & Sikkel
128,Jacobus RPA
129,Lentehop
130,Gulpener Dort
131,Emelisse Blond
132,Jopen Bokbier
133,Jopen Lentebier
134,De Prael Tripel
135,PaasIJ
136,IJndejaars
137,Emelisse Winterbier
138,Mannenliefde
139,Zatte
140,Storm & Bliksem (Amarillo)
141,La Trappe Witte Trappist
142,Christoffel Bier
143,IJwit
144,Gulpener Korenwolf
145,Emelisse Black IPA
146,IPA
147,Columbus
148,Maelstrom
149,Hop & Liefde
150,Double Rye IPA
151,Vuur & Vlam
152,Snab Pale Ale
153,Zundert 8
154,"Bloed, Zweet & Tranen"
155,Struis
156,Jopen Northsea IPA
157,American Barley Wine
158,Peated Imperial Stout
159,Hertog Jan Grand Prestige
160,Bommen & Granaten
161,Jopen Koyt
162,La Trappe Dubbel (Koningshoeven / Dominus)
163,Moord & Doodslag - Disputin
164,Mout & Mocca
165,Emelisse Imperial Russian Stout
166,Mooi & Meedogenloos
167,La Trappe Tripel (Koningshoeven / Dominus)
168,Ongelovige Thomas
169,Hemel & Aarde
170,Heaven & Hell
171,La Trappe Isid'or
172,La Trappe Bockbier
173,Spanning & Sensatie
174,Export Porter 1750
175,Caramel Fudge Stout
176,Tsarina Esra
177,Hel & Verdoemenis Misto B.A.
178,Hel & Verdoemenis
179,La Trappe Quadrupel (Koningshoeven / Dominus)
180,Bianca
181,Hel & Verdoemenis Wild Turkey B.A.
182,Hel & Verdoemenis - Bourbon BA
183,Elixir
184,Momus
185,Maledetta
186,Biere D'Abbaye Lacu
187,Spaceman
188,Baluba
189,X-Ray
190,Enkir
191,Bibock
192,Tre Fontane Tripel
193,Bran Reserva
194,Panil Divina
195,Bran Raven
196,Krampus
197,Dolii Raptor
198,Madamin
199,D'uva Beer
200,La Trappe Quadrupel - Oak-Aged
201,Imper Ale Ubi Rossa
202,Machete
203,BB Dexi
204,ViaEmilia
205,Chimera
206,Toccalmatto / Prairie - Okie Matilda
207,La Mummia
208,Re Ale
209,Demon Hunter
210,Brett Peat Daydream
211,BB10
212,Al-Iksir
213,Super
214,Winterlude
215,Seson
216,Rubus
217,Nuova Mattina
218,Re Ale Extra
219,Contessa
220,Noël
221,Prunus
222,BeerBera
223,Vùdù
224,Tipopils
225,Thomas Hardy's Ale (2015 -)
226,Quarta Runa
227,Spaghetti Western - Grappa Barrel-Aged
228,Extraomnes / Stillwater Migdal Bavel
229,Sedici Gradi
230,Zona Cesarini
231,Brewfist / Prairie Artisan Ales - Spaghetti Western
232,Panil Barriquée (Sour Version)
233,Verdi Imperial Stout
234,Day Of The Dead Beer (Cerveza De Los Muertos) Death Becomes You
235,Del Ducato / Oxbow - Oud Brunello
236,Potro
237,Negra Modelo
238,Day Of The Dead Beer (Cerveza De Los Muertos) Immortal Beloved
239,Red Pig Mexican Ale
240,Tecate Titanium (7.5%)
241,Cabotella
242,Noche Buena
243,Bohemia Clásica
244,Chili Devil
245,Tijuana Güera
246,Bohemia Weizen
247,Bohemia Oscura
248,Day Of The Dead Beer (Cerveza De Los Muertos) Pay The Ferryman
249,Honey
250,Mexicali Special Dark Beer
251,Tecate Michelada Diablo
252,Chupacabras Pale Ale
253,Dos Equis Invierno Winter Bock
254,La Luna Rossa
255,Baladin Nora
256,My Antonia (Birra Del Borgo & Dogfish Head)
257,Duchessic Ale
258,Xyauyù Fumé (Islay Whisky)
259,Xyauyù Etichetta Oro (Gold)
260,Baciami Lipsia (Kiss My Lips)
261,Panil Barriquée (Italy Version)
262,Beersel Mattina
263,BeerBrugna
264,Xyauyù Barrel
265,Obscura American Brown Ale
266,Modelo Chelada Tamarindo Picante
267,Minerva Colonial
268,Minerva Pale Ale
269,TJ Tijuana Mexican Lager
270,Tijuana Morena
271,Minerva Viena
272,Clásica Blonde Ale
273,Modelo Chelada Limon Y Sal
274,Tempus Clasica
275,Escorpion Negro
276,Minerva Imperial Tequila Ale
277,La Migra Imperial Stout
278,Runaway IPA
279,Sol Chelada
280,Green Card Barleywine
281,Britt Rousse
282,Jenlain Or
283,Vieille Brune
284,Rince Cochon
285,Pietra De Noel
286,Ch'ti Blanche
287,Yeti
288,Jade (Biere Biologique)
289,Biere Aux Marrons
290,Vivat Triple
291,Brassin D'Hiver
292,La Maline
293,La Choulette Blonde
294,Anosteke
295,Bière De Noël
296,La Wambrechies
297,Page 24 Réserve Hildegarde Ambrée
298,Etoile Du Nord
299,Sant Erwann
300,Tempus Doble Malta
301,Minerva Stout
302,Cucapá Barleywine
303,Mexican Imperial Stout
304,Nocturna
305,La Lupulosa
306,Insurgente / Stone - Xocoveza
307,Gwiniz Du
308,Saint Landelin La Divine
309,Grand Cru
310,Jenlain Ambrée
311,Grain D'Orge
312,Bière Nouvelle
313,Mont Des Cats Biere Trappiste
314,Angelus
315,La Petite Princesse
316,Page 24 Réserve Hildegarde
317,La Goudale De Noel
318,Saint Sylvester's Flander's Winter Ale
319,St. Amand
320,Agent Provocateur
321,Telenn Du
322,La Rousse
323,Page 24 Bière De Noël
324,La Rouge Flamande
325,Gavroche
326,La Choulette De Noël
327,Bellerose Biere Blonde Extra
328,Train To Mars
329,Page 24 Biere De Printemps
330,L'Ambrée D'Esquelbecq / Thiriez Amber
331,XI.I
332,Castelain Blond Biere De Garde
333,La Choulette Framboise
334,Cervoise Lancelot
335,La Choulette Ambrée
336,Extra
337,Saint Rieul Triple
338,3 Monts Flanders Golden Ale
339,La Blonde D'Esquelbecq / Thiriez Blonde
340,L'Amalthée
341,3 Monts Amber Ale On Lees
342,Flandre-Kent Les Frères De La Bière / Thiriez XXtra
343,Cuvée Des Jonquilles
344,Les Bière Des Sans Culottes
345,Herold Granat
346,Queen Bohemian Rhapsody
347,Breznak Schwarzbier
348,X-Beer 33
349,Samson Budweiser Bier Premium
350,Demon
351,Konrad Jocker Svìtlý Leák 14°
352,Primator Dark Lager
353,Krušovice Mušketýr
354,Primátor Maibock
355,Oldgott
356,Samson Budweiser Bier Černý
357,Master Polotmavý 13°
358,Lobkowicz Baron
359,Svijanský Máz 11%
360,Staropramen Černý
361,Budweiser Budvar Czech Dark Lager
362,Staropramen Velvet
363,Kozel Cerny (Kozel Dark) Velckopopovicky
364,Lobkowicz Knight
365,Granát - BrouCzech Dark
366,Lobkowicz Prince
367,Podkovan Dark
368,Dark Lager (Tmavý Leák)
369,Klaster Winter Beer
370,Primátor Polotmavý Märzen
371,New Town 11° Light Lager
372,Herold Bohemian Wheat Lager
373,Bernard Cerne (Dark)
374,Svijanská Kněžna 13%
375,Žatec Dark Lager
376,Eggenberg Svetlý Lezák (Premium Lager)
377,Kávové Pivo
378,Primátor Weizenbier
379,Štěpán - český Klasický Ležák Světlý
380,Premium Lager / Kláster Svetlý Special 14%
381,Staropramen Kelt Original Stout
382,Master Tmavy
383,Bernard Bohemian Ale
384,Porter Boom
385,Master Tmavý 18°
386,Herold Bohemian Black Lager
387,Pilsner Urquell Nefiltrovaný
388,Koutská 12° Dvanáctka
389,U Fleku Dark Lager
390,Tuatara Ardenne
391,Boysenbeery
392,Invercargill Pitch Black Black Beer
393,Golden Tusk
394,Voyager
395,Moa 5 Hop Ale
396,Enlightenment Great Punkin
397,The Rogue Hop
398,Tuatara Weiz Guy
399,Tuatara Helluva
400,Mighty Imperial Ale
401,Monteith's Doppelbock
402,Moa Blanc Evolution
403,Black Mac
404,Speight's Old Dark
405,Sassy Red
406,Moa 5 Hop - Winter Ale
407,Monteith's Doppelbock Winter Ale
408,Taieri George
409,Porter's Rye Ale
410,Monteith's Barrel Aged Porter
411,Perfection
412,xeRRex
413,Tuatara Porter
414,Mac's Hop Rocker Pilsener
415,Digital IPA
416,Gunnamatta
417,Moa Imperial Stout (Aged In Pinot Noir Barrels)
418,Epic Lager
419,New Zealand Pilsner
420,Pot Kettle Black
421,1812
422,Rewired
423,Moa Pale Ale
424,Moa Methode
425,Harringtons Big John Special Reserve
426,M.P.A
427,Craftsman
428,Epic Larger
429,Epic Barrel Aged IPA
430,Epicurean Fig & Coffee
431,Patriot
432,Hippy Berliner
433,Tuatara APA
434,London Porter
435,Epic Mayhem
436,Moa St Josephs
437,Stonecutter
438,The Big Smoke
439,Pale Ale
440,Tuatara KAPAI
441,Tuatara Mot Eureka
442,APA
443,Flat White Coffee Milk Stout
444,Pernicious Weed
445,Elemental
446,Fresh Hopwired
447,Saison Sauvin
448,Death From Above
449,Epic Pale Ale
450,C!tra
451,Tuatara Double Trouble
452,Super Conductor
453,Epic Armageddon IPA
454,iStout
455,Hopwired
456,Epic Hop Zombie
457,Snow Weizen
458,Yebisu Black Beer
459,Coedo Kyara
460,Coedo Shiro
461,Coedo Shikkoku
462,Hitachino Nest Dai Dai Ale
463,Hitachino Nest Real Ginger Ale
464,Sapporo Premium Black Beer
465,Jubilation Ale
466,White Crane Ale (Rogue's Oregon Golden Ale)
467,Hitachino Nest Pale Ale
468,Buckwheat Ale
469,Shimaguni Stout
470,Ginga Kogen Weizen
471,Echigo Stout
472,Suiyoubi No Neko
473,Ise Kadoya IPA
474,Teikoku IPA
475,Hitachino Nest Red Rice Ale
476,Numazu Lager
477,Ise Kadoya Genmai Ale
478,Temple Garden Yuzu Ale
479,Hitachino Nest Weizen
480,Shiga Kogen IPA
481,Rising Sun Pale Ale
482,Tokyo Black
483,Yabai-Yabai Strong Scotch Ale
484,Hitachino Nest Commemorative Ale
485,Shizuoka Summer Mikan Ale
486,Single Take Session Ale
487,Dark Sky Imperial Stout
488,Yona Yona Ale
489,Baird Angry Boy Brown Ale
490,Hitachino Nest Japanese Classic Ale
491,Red Fox (Rogue's American Amber)
492,Samurai Barley Ale
493,Kurofune Porter
494,West Coast Wheat Wine
495,Hitachino Nest Extra High (XH)
496,Red Rose Amber Ale
497,Hitachino Nest Amber Ale
498,Minoh W-IPA
499,Hitachino Nest Yuzu Lager
500,Ozeno Yukidoke IPA
501,Hitachino Nest Saison Du Japon
502,Iwatekura Oyster Stout
503,The Carpenters Mikan Ale
504,Ginga Kogen Wheat Beer
505,Natsumikan Ale
506,Minoh Stout
507,Hitachino Nest Ancient Nipponia
508,Ise Kadoya Imperial Smoked Porter
509,Hitachino Nest Nipponia
510,Suruga Bay Imperial IPA
511,Hitachino Nest Anbai Ale
512,Kuri Kuro (Dark Chestnut Ale)
513,Hitachino Nest White Ale
514,Hitachino Nest Espresso Stout
515,Smithwick's Winter Spirit
516,Irish Wheat
517,Porterhouse Red
518,TSB
519,Guinness Original
520,Rebel Red
521,Howling Gale Ale
522,Oyster Stout
523,O'Shea's Traditional Irish Stout
524,Guinness Extra Stout (Original)
525,Chieftain IPA
526,Metalman Pale Ale
527,Copper Coast
528,Guinness Original (UK Version - 4.2%)
529,Guinness - Bulleit Bourbon-Aged
530,Murphy's Irish Stout
531,Galway Hooker Irish Pale Ale
532,Wrasslers XXXX Stout
533,Hop Head
534,Guinness Milk Stout: The Brewers Project
535,Plain Porter
536,Shandon Stout
537,West Indies Porter
538,Cael & Crede Ale
539,Beamish Irish Stout
540,Knockmealdown Porter
541,O'Hara's Barrel Aged Leann Folláin
542,O'Hara's Irish Stout
543,Francis' Big Bangin IPA
544,O'Hara's Leann Folláin
545,Guinness Foreign Extra Stout
546,Guinness Special Export Stout / Antwerpen Stout
547,Celebration Stout
548,Guinness 200th Anniversary Export Stout
549,Baden Baden Golden
550,Colorado Appia
551,Eisenbahn Escura (Dunkel)
552,Eisenbahn Weizenbier
553,Colorado Berthô
554,Eisenbahn Strong Golden Ale
555,Baden Baden Dark Ale Stout
556,Eisenbahn Vigorosa (Weizenbock)
557,Baden Baden Red Ale Especial
558,Baden Baden 1999 Bitter Ale
559,Eisenbahn Pale Ale
560,Colorado Indica
561,Colorado Vixnu
562,Eisenbahn Lust
563,Eisenbahn Rauchbier
564,Belô Petroleum
565,Wals Petroleum
566,Colorado Ithaca / Guanabara
567,Wäls Quadruppel
568,Stiegl Radler Zitrone
569,Wieselburger Stammbräu
570,Zipfer Urtyp
571,Hopfenkönig
572,Hirter 1270
573,Stiegl Goldbräu
574,Villacher Märzen
575,Stiegl Pils
576,Rieder XXX Weisse
577,Stifter Bier (Red Ale)
578,Ottakringer Wiener Original
579,Schlägl Kristall
580,Grieskirchner Pils
581,Columbus Pils
582,Nivard
583,Grieskirchner Jörger Weisse
584,Schlägl Urquell
585,Edelweiss Hefetrub
586,Schlägl Bio-Roggen
587,Rieder India Pale Ale
588,Barleywine Ale
589,Stiegl Weisse Naturtrüb
590,Weisse (Whitebeer)
591,Stiegl Märzen
592,Schlägl Doppel Bock
593,Meinklang Ancient Grains Ale
594,Gösser Dark Beer
595,Naturtrüb
596,Stiegl Weizen Gold Hefefein
597,Schremser Roggen Bier
598,Doppelbock Dunkel
599,Granitbock
600,Benno
601,Kubelbier
602,Tak Pale Ale
603,Edelweiss Dunkel Weizenbier
604,Samichlaus Bier Helles
605,Original Munchner Hochzeitsbier Von 1810
606,Hirter Morchl
607,Stiegl Radler (Grapefruit)
608,Edelweiss Weissbier Snowfresh
609,Kramah India Pale Ale
610,Granitbock Ice
611,Gregorius
612,Heller Bock Saphir
613,NZ Victory Hop Devil IPA
614,Samichlaus Schwarzes
615,Paracelsus Zwickl
616,Edelweiss Weissbier Hefetrüb
617,Samichlaus Classic Bier
618,Lervig Lucky Jack
619,Augustiner Bräu Märzen Bier
620,Aass Bayer (Aass Dark)
621,Aass Juleøl
622,Krekling
623,India Pale Ale
624,Aass Genuine Pilsner
625,Wit
626,HaandBic
627,Fyr & Flamme
628,Dobbel Dose (Dobbel Dram)
629,Imperial DunkelWit
630,Havre Stout
631,Sweet & Sour
632,Ardenne Blond
633,Saison
634,Julebrygg (7%)
635,Tiger Tripel
636,Lervig Galaxy IPA
637,Hazy Days
638,Brown Ale
639,Sunturnbrew
640,Nissefar
641,Hesjeøl
642,Costa Rica (Coffee Porter)
643,Bestefar
644,Rye IPA
645,Underlig Jul
646,Ægir India Pale Ale
647,Perler For Svin
648,Aass Bock
649,Norwegian Wood
650,Special Holiday Ale - Nøgne Ø/Jolly Pumpkin Artisan Ales/Stone Brewing Co.
651,Imperial India Pale Ale #500
652,Konrads Stout
653,Dark Force
654,Tasty Juice
655,Imperial Brown Ale
656,Two Captains
657,Supersonic
658,Toasted Maple Stout
659,# 100
660,God Jul
661,Lervig / Hoppin’ Frog Sippin Into Darkness
662,Akevitt
663,Nøgne Ø / Terrapin Imperial Rye Porter
664,Haandbakk
665,Lervig / Way Beer - 3 Bean Stout
666,Horizon Tokyo Black
667,Odin's Tipple
668,Brewers Reserve Barley Wine (Aged In Bourbon Barrels)
669,Cuvée De Ranke
670,Oude Schaarbeekse Kriek
671,Moinette Blond
672,Trappistes Rochefort 6
673,Première (Red)
674,Avec Les Bons Voeux
675,Boon Oude Kriek Mariage Parfait
676,Brasserie Des Rocs Triple Impériale
677,Oud Beersel Oude Kriek Vieille
678,St. Amatus 12
679,Kriek De Ranke
680,Intense Red Oude Kriek
681,Oude Geuze Boon Black Label
682,Abbaye Des Rocs [Brasserie Des Rocs Brune]
683,Nath
684,Westmalle Trappist Dubbel
685,Oerbier
686,Goudenband
687,Oude Lambiek De Cam
688,Kasteel Barista Chocolate Quad Belgian Ale
689,Saison Dupont
690,Abbaye Des Rocs Grand Cru Belgian Special Brown
691,Stille Nacht
692,Duchesse De Bourgogne
693,Black Damnation II - Mocha Bomb
694,Oude Quetsche Tilquin à L'Ancienne Avec Prunes De Namur
695,Mamouche
696,La Chouffe
697,Christmas Ale
698,Houblon Chouffe Dobbelen IPA Tripel
699,Orval Trappist Ale
700,Cuvee Delphine
701,Oude Mûre Tilquin à L'ancienne
702,Oude Kriek De Cam
703,Tripel
704,Straffe Hendrik Heritage
705,Lambiek Special
706,Trappist Westvleteren Blond
707,Oude Geuze De Cam
708,Cuvee Moeder (Kriek)
709,Gulden Draak
710,Lambic D'Aunis
711,Black Albert
712,Gueuze Tilquin (Draught Version)
713,Achel Trappist Extra
714,Oude Gueuze
715,Duvel Belgian Golden Ale
716,Tripel Karmeliet
717,Abt 12 Oak Aged
718,Soleil De Minuit
719,Pannepot Grand Reserva
720,Pannepot Reserva
721,Girardin Gueuze 1882 (Black Label)
722,Oude Kriek
723,Lambic Rhubarbe
724,Fantôme Saison
725,Rodenbach Grand Cru
726,Westmalle Trappist Tripel
727,Grande Réserve (Blue)
728,Tripel Van De Garre
729,Cuvée Van De Keizer Blauw (Blue)
730,Rosé De Gambrinus
731,Oude Gueuze Tilquin à L'Ancienne
732,Pannepot
733,Cuvée Saint-Gilloise
734,Trappistes Rochefort 8
735,Cuvée Des Jacobins Rouge
736,50 Degrees North-4 Degrees East
737,Iris
738,Pinot D'Aunis
739,Kriek 100% Lambic
740,Oude Quetsche Tilquin à L'Ancienne
741,Oude (Gueuze Tilquin)²
742,Rodenbach Alexander
743,Oude Geuze
744,Black Damnation V - Double Black
745,Vigneronne
746,Rodenbach Caractère Rouge
747,Schaerbeekse Kriek
748,Gueuze 100% Lambic
749,Trappist Westvleteren 8 (VIII)
750,Oude Geuze Cuvée Armand & Gaston
751,Oude Geuze Golden Blend
752,Abt 12
753,Lou Pepe - Gueuze
754,Hommage
755,Framboos
756,Blåbær Lambik
757,Trappistes Rochefort 10
758,Saint Lamvinus
759,Oude Geuze Vintage
760,Lou Pepe - Framboise
761,Lou Pepe - Kriek
762,Trappist Westvleteren 12 (XII)
763,Zenne Y Frontera
764,Fou' Foune
765,Stranger Than Fiction
766,Four Winds IPA
767,Shipwreck IPA
768,Phaedra
769,Radio The Mothership
770,Full Moon Pale Ale
771,Collective Project: IPA No. 8
772,La Buteuse
773,Sovereign Super Saison
774,Dernière Volonté Réserve Spéciale En Fût De Pinot Noir
775,RPA (Rye Pale Ale)
776,"Surround Sound (Simcoe, Galaxy & Citra)"
777,Dernière Volonté
778,Blackstone Porter
779,Immodest
780,Collective Arts / Donut Monster - Origin of Darkness
781,Twenty Pounder
782,Eau Benite
783,Olde Deuteronomy
784,Back Hand Of God Stout
785,Pothole Filler Imperial Stout
786,Aromatherapy IPA
787,Play Dead IPA
788,Laser Show
789,Barrel Full Of Monkeys Imperial Stout
790,Flagship India Pale Ale
791,Série Signature IPA
792,Vexillum
793,Flying Monkeys Acadian Groove Canadian Maple Porter
794,Immoralité
795,Dominus Vobiscum Hibernus
796,Imperial IPA
797,Jam Up the Mash
798,Hopnotist
799,Roman Candle
800,Dominus Vobiscum Blanche
801,Amsterdam Barrel Aged Double Tempest
802,Lambda
803,Humulus Ludicrous
804,Burly Wine
805,Thor's Hammer Barley Wine
806,Dulcis Succubus
807,La Résolution
808,Grande Noirceur
809,Great Lakes Lake Effect
810,Farmageddon - Niagara Montmorency Cherry
811,Old Cellar Dweller
812,Dominus Vobiscum Triple
813,Old Kentucky Bastard
814,Great Lakes Octopus Wants To Fight IPA
815,Life in the Clouds
816,Witchshark
817,Black Oak Ten Bitter Years
818,Le Temps Noir
819,Jelly King
820,St-Ambroise Oatmeal Stout
821,Herbe à Détourne
822,Ransack the Universe
823,Ale Gâteau Forêt-Noire
824,Latus
825,IPA Du Nord-Est
826,Jutsu
827,Red Racer Imperial IPA
828,Juxtapose Wild IPA
829,Café Del Bastardo
830,Solstice D'hiver Réserve Spéciale En Fût De Bourbon
831,La Buteuse Brassin Spécial (Barrel Aged)
832,Great Lakes Karma Citra IPA
833,Hellwoods
834,La Vache Folle Imperial Milk Stout
835,Doppelbock Grande Cuvée Printemps
836,Yakima IPA
837,Raised By Wolves IPA
838,Great Lakes Thrust! An IPA
839,Naughty Hildegard ESB
840,Don De Dieu
841,Skeleton Key
842,Flying Monkeys The Chocolate Manifesto
843,Grande Cuvée Porter Baltique - Fûts De Bourbon Et Brandy
844,St-Ambroise Stout Impériale Russe
845,Dominus Vobiscum Lupulus
846,Terrible
847,Aphrodisiaque
848,Singularity
849,Solstice D'été Aux Framboises
850,Maudite
851,Bring Out Your Dead
852,Red Racer IPA (India Pale Ale)
853,Moralité
854,Fat Tug IPA
855,Unibroue 17 Grande Réserve
856,Trois Pistoles
857,Grande Cuvée Porter Baltique
858,Sartori Harvest IPA
859,Péché Mortel
860,Nectarous
861,La Fin Du Monde
862,Péché Mortel - Bourbon
863,Stout
864,Mornington Peninsula Brown Ale
865,Murray's Pilsner
866,Hargreaves Hill Pale
867,Murray's Big Wednesday Pale Ale
868,Mornington Peninsula IPA
869,Temptress Chocolate Porter
870,Murray's Spartacus
871,Mad Abbot Tripel
872,Nail Stout
873,Murray's Angry Man
874,Alpha Pale Ale
875,Mountain Goat Fancy Pants Amber Ale
876,Red Duck Golden Dragon
877,Chevalier Saison
878,Galaxy Single Hop IPA
879,Red Hill Weizenbock
880,Skunkworks Double IPA (Cognac Barrel Aged)
881,ESB
882,Grand Ridge Moonshine
883,Mornington Peninsula Pale
884,Harvest Pale Ale
885,Red Hill Bohemian Pilsner
886,Seventy Seven IPA
887,Red Hill Imperial Stout
888,Holgate Nut Brown Ale
889,Murray's Shawn's Fault
890,Growler American Brown Ale
891,Murray's Punk Monk
892,Murray's Icon 2IPA
893,Murray's Heart Of Darkness
894,Mountain Goat Rye IPA
895,Forty Four American Amber
896,Murray's Punch & Judy
897,Red Hill Hop Harvest Ale
898,Road Trip
899,Jamieson Beast IPA
900,Kooinda Black IPA - Full Nelson
901,Murray's Best Extra Porter
902,Black Giraffe
903,Seeing Double
904,Southwark Old Stout
905,4 Pines Dry Stout
906,Best Extra Stout
907,Raging Flem
908,Red Duck The Ox
909,Ace Of Spades
910,Spildt Mælk (Boys Don’t Cry Over Spilled Milk)
911,USAlive! (Alive)
912,Not Just Another Wit
913,Fuck Art - Let's Dance!
914,Reparationsbajer
915,Mosaic Black IPA
916,Snowball Saison Ale
917,Mine Is Bigger Than Yours
918,Santa's Little Helper 2012
919,Kremlin Crude
920,Mastodon Mother Puncher
921,By Udder Means
922,Amarillo Single Hop IPA
923,SpontanSeabuckthorn
924,The Fundamental Blackhorn
925,Liquid Confidential
926,Crooked Moon Tattoo Stockholm
927,Pacific Ale
928,Knappstein Reserve Lager
929,Karma Citra
930,Boris Imperial Stout
931,La Sirène Saison
932,Clout Stout
933,IIPA Imperial IPA
934,Little Creatures Pale Ale
935,Murray's Wild Thing Imperial Stout
936,Watermelon Warhead
937,Hop Hog
938,Black Maria
939,Amager / Grassroots - Shadow Pictures - Skyggebilleder
940,Gose To Hollywood
941,Black Magic Woman
942,Stateside IPA
943,19
944,It's Alive - White Wine Barrel Aged
945,Hallo Ich Bin Berliner Weisse - Passion Fruit
946,Monk's Brew
947,Limfjordsporter
948,Hallo Ich Bin Berliner Weisse - Raspberry
949,Spontanbeetroot
950,Spontandryhop Citra
951,Mikkeller / Grassroots Wheat Is The New Hops
952,Sur Amarillo
953,Sur Simcoe
954,Amager / Jester King - Danish Metal
955,Amager / Mikkeller - Hr. Frederiksens Væsel Brunch - Barrel-Aged
956,Santa Gose F%-It All
957,Beer Geek Brunch Weasel (Islay Edition)
958,Draft Bear
959,Forêt Du Centre (Light Toasted)
960,Dark Hops
961,Kaffestout
962,Rugporter
963,Nelson Sauvin Single Hop IPA
964,Spontancassis
965,Simcoe Single Hop IPA
966,Big Worster
967,Jule Mælk
968,Tomahawk Single Hop IPA
969,Amager / Mikkeller - Hr. Frederiksens Væsel Brunch
970,To Øl / Mikkeller Overall IIPA
971,Spontansauternes
972,Liquid Confidential (Cognac Barrel Aged)
973,Mosaic Imperial India Pale Ale
974,SpontanCherryFrederiksdal
975,Beer Geek Brunch Weasel (Bourbon Edition)
976,Double Black Mash
977,Liquid Confidential (Wine/Sherry Barrel Aged)
978,Crooked Moon Tattoo
979,Beer Hop Breakfast
980,Milk Stout
981,Black Ball Porter
982,Texas Ranger (Chipotle Porter)
983,Sur Citra
984,Hr. Frederiksen
985,Dangerously Close To Stupid
986,Spontanframboos
987,Mørke - Pumpernickel Porter
988,Gudeløs
989,Foggy Geezer
990,Beer Geek Dessert
991,Beer Geek Breakfast
992,Beer Geek Brunch Weasel - Cognac Edition
993,Black Malts And Body Salts
994,Lazurite
995,George
996,Citra Imperial India Pale Ale
997,Amager / Surly - Todd The Axe Man
998,Sort Mælk
999,Goliat
1000,Beer Geek Vanilla Maple Shake
1001,Beer Geek Cocoa Shake
1002,Beer Geek Brunch Weasel
1003,Nelson Sauvignon (Nelson Sauvin Brut)
1004,Beer Geek Vanilla Shake
1005,Beer Geek Vanilla Shake - Bourbon Barrel-Aged
1006,Franziskaner Weissbier Royal
1007,Hirsch Bavarian-Weissbier Hefeweisse
1008,Spaten Optimator
1009,Kölsch
1010,Hofbräu Münchner Weisse
1011,Ayinger Winterbock
1012,Crew 7:45 Escalation
1013,Ayinger Kirta-Halbe
1014,Klosterbräu Schwärzla
1015,Black Shark
1016,Neumarkter Lammsbräu (Organic) Pilsner
1017,Rothaus Hefeweizen
1018,Leipziger Gose
1019,Schwarzbier
1020,Augustiner Bräu Oktoberfestbier
1021,Edelstoff
1022,Tucher Helles Hefe Weizen
1023,Pilsner
1024,Augustiner Bräu Maximator
1025,Ettaler Curator Dunkler Doppelbock (US Import Version)
1026,St. Martin Dunkler Doppelbock
1027,Helles
1028,Weltenburger Kloster Barock Dunkel
1029,Amarsi Double IPA
1030,Faust Hefeweizen Dunkel
1031,Bonator
1032,Backbone Splitter
1033,Aecht Schlenkerla Kräusen
1034,Salvator Doppel Bock
1035,Kyritzer Mord Und Totschlag
1036,Geisterzug Gose Quinced
1037,Weihenstephaner Pils
1038,Original Schlüssel Alt
1039,Aecht Schlenkerla Rauchbier Weizen
1040,Ayinger Jahrhundert Bier
1041,Andechs Weissbier Dunkel
1042,Riegele Augustus Weizendoppelbock
1043,Ayinger Altbairisch Dunkel
1044,Hacker-Pschorr Oktoberfest Märzen
1045,Methusalem Sour Altbier
1046,Augustiner Bräu Weissbier
1047,Altbier
1048,Roundhouse Kick
1049,Aecht Schlenkerla Helles Lagerbier
1050,Spezial Rauchbier Märzen
1051,Kellerbier Ungespundet-Lager hefetrüb (aU Ungespundet Naturtrüb)
1052,Hacker-Pschorr Dunkel Weisse (Weisse Dark)
1053,Schneider Weisse Tap 7 Unser Original
1054,EKU 28
1055,Ayinger Maibock
1056,Julius Echter Hefe-Weissbier Hell
1057,Döllnitzer Ritterguts Gose
1058,Geisterzug Gose Rhubarb
1059,Andechser Vollbier Hell
1060,Schumacher Alt
1061,Mühlen Kölsch
1062,Kapuziner Weissbier
1063,Füchschen Alt
1064,Ayinger Oktober Fest-Märzen
1065,Schneider Weisse Tap X Aventinus Cuvée Barrique
1066,Mönchshof Schwarzbier
1067,Bairisch Pils
1068,Weihenstephaner 1516 Kellerbier
1069,Rothaus Pils Tannen Zäpfle
1070,Weihenstephaner Kristallweissbier
1071,Paulaner Hefe-Weissbier Naturtrüb
1072,Franziskaner Hefe-Weisse
1073,Uerige Sticke
1074,Schneider Weisse Tap X Mein Nelson Sauvin
1075,Aecht Schlenkerla Eiche
1076,Mönchsambacher Lager
1077,Tucher Bajuvator Doppelbock
1078,Schneider Weisse Tap 4 Wiesen Edel-Weisse
1079,Ayinger Ur-Weisse
1080,Hacker-Pschorr Hefe Weisse Naturtrüb
1081,Weltenburger Kloster Asam-Bock
1082,Weihenstephaner Original
1083,1809
1084,Aecht Schlenkerla Rauchbier Märzen
1085,Schneider Weisse Tap 5 Meine Hopfenweisse
1086,Uerige Doppelsticke
1087,Eisbock
1088,Weihenstephaner / Sierra Nevada - Braupakt
1089,Andechser Weissbier Hell
1090,Schneider Weisse Tap 1 Mein Blondes
1091,Augustiner Bräu Lagerbier Hell
1092,Aecht Schlenkerla Rauchbier Urbock
1093,Ayinger Bräuweisse
1094,Weihenstephaner Korbinian
1095,Aecht Schlenkerla Fastenbier
1096,Weihenstephaner Hefeweissbier Dunkel
1097,Schneider Aventinus Weizen-Eisbock
1098,Weihenstephaner Vitus
1099,Andechser Doppelbock Dunkel
1100,Schneider Weisse Tap 6 Unser Aventinus
1101,Celebrator
1102,Weihenstephaner Hefeweissbier
1103,Barrel-Aged Abraxas
1104,Marshmallow Handjee
1105,Heady Topper
1106,Doppelganger
1107,Society & Solitude #4
1108,Hunahpu's Imperial Stout - Double Barrel Aged
1109,Fourth Dementia - Bourbon Barrel-Aged
1110,Beatification
1111,Society & Solitude #5
1112,Ghost In The Machine - Double Dry-Hopped
1113,Mexican Brunch
1114,Miami Madness
1115,Last Buffalo In The Park
1116,It Was All A Dream
1117,Notorious Triple IPA
1118,Bourbon Barrel Aged Plead The 5th
1119,Coffee Cinnamon B-Bomb
1120,Beyond Good And Evil
1121,§ucaba
1122,Bourbon County Brand Barleywine Ale
1123,A Deal With The Devil
1124,Pseudo Sue - Double Dry-Hopped
1125,Black Gold
1126,Sunday Brunch
1127,West Ashley
1128,Breakfast Stout
1129,Saison Du Fermier
1130,The Broken Truck
1131,Alter Ego
1132,Abricot Du Fermier
1133,Flora Plum
1134,Galaxy Dry Hopped Fort Point Pale Ale
1135,V.S.O.J.
1136,Bourbon Paradise
1137,Anabasis
1138,Triple Shot
1139,Black Note Stout
1140,Chemtrailmix
1141,Keene Idea
1142,Clover
1143,Grande Negro Voodoo Papi - Bourbon Barrel-Aged
1144,Maman
1145,Beer:Barrel:Time
1146,Ephraim
1147,Adnams Tally-Ho
1148,Bishop's Farewell
1149,Imperial Black
1150,Fuller's London Pride
1151,Organic Export Scotch Ale
1152,Libertine Black Ale
1153,Tynt Meadow
1154,Elvis Juice
1155,Export India Porter
1156,Scottish Stout
1157,Boltmaker (formerly Best Bitter)
1158,Royal Oak Pale Ale
1159,Brave New World IPA
1160,Saint Petersburg Imperial Stout
1161,Halcyon
1162,Young's Special London Ale
1163,Hardcore IPA
1164,Manchester Star Ale
1165,Dark Island
1166,"Dogma (7,4%)"
1167,Buxton / Lervig - Trolltunga
1168,Young's London Stout
1169,Old Peculier
1170,Buxton / Stillwater - Subluminal
1171,Old World Russian Imperial Stout
1172,Rain Shadow
1173,Broken Dream
1174,Kipling
1175,Olde Suffolk English (Strong Suffolk Vintage) Ale
1176,Jaipur IPA
1177,Haze
1178,Chocolate Rain
1179,BBADL (Bourbon Barrel Aged Dark Lord Imperial Stout)
1180,Very GGGreennn
1181,Triple Sunshine
1182,Nectarine Premiere
1183,Swish
1184,Black Tuesday
1185,Double Dry Hopped Fort Point Pale Ale
1186,Sip Of Sunshine
1187,Aaron
1188,Framboise Du Fermier
1189,Citra
1190,Double Dry Hopped Congress Street
1191,Green
1192,Focal Banger
1193,Cable Car
1194,Supplication
1195,Headroom
1196,Double Galaxy
1197,Atrial Rubicite
1198,Hunahpu's Imperial Stout
1199,Ann
1200,Double Citra®
1201,King Sue
1202,Doubleganger
1203,Fuzzy
1204,Bourbon County Brand Vanilla Stout
1205,Westly
1206,Speedway Stout - Vietnamese Coffee - Bourbon-Barrel Aged
1207,JJJuliusss
1208,Zombie Dust
1209,Duck Duck Gooze
1210,Barrel Aged Imperial German Chocolate Cupcake Stout
1211,Parabola
1212,Morning Wood
1213,KBS (Kentucky Breakfast Stout)
1214,Bourbon County Brand Stout
1215,Abner
1216,Julius
1217,Dinner
1218,Double Sunshine
1219,Assassin
1220,Very Green
1221,Juice Machine
1222,Pliny The Elder
1223,CBS (Canadian Breakfast Stout)
1224,SR-71
1225,Fundamental Observation
1226,Bourbon County Brand Coffee Stout
1227,Very Hazy
1228,King JJJuliusss
1229,Pliny The Younger
1230,Mornin' Delight
1231,Hazy Jane
1232,Hoppy Christmas
1233,King Julius
1234,Tokyo*
1235,Old Chimneys Good King Henry Imperial Stout
1236,Elizabethan Ale
1237,Black Betty
1238,Wild Raven
1239,Golden Pride
1240,Cocoa Psycho
1241,Extra Stout
1242,J.W. Lees Harvest Ale (Lagavulin Whisky Cask)
1243,Wildebeest
1244,Mexicake
1245,IPA Citra
1246,Jack Hammer
1247,90/~ Wee Heavy
1248,Ola Dubh Special Reserve 21
1249,Young's Double Chocolate Stout
1250,Mackeson Triple XXX Stout
1251,I Hardcore You
1252,Fuller's ESB
1253,Dark Island Reserve
1254,Wee Heavy
1255,Landlord Pale Ale
1256,J.W. Lees Harvest Ale (Sherry Cask)
1257,J.W. Lees Harvest Ale (Calvados Cask)
1258,Skull Splitter
1259,Siren / Cigar City - Caribbean Chocolate Cake
1260,Nut Brown Ale
1261,Yorkshire Stingo
1262,Black Tokyo Horizon
1263,Fuller's 1845
1264,Ola Dubh Special Reserve 16
1265,Export Stout London 1890
1266,Ola Dubh Special Reserve 12
1267,Old Engine Oil Black Ale
1268,Imperial Brown Stout London 1856
1269,Traquair House Ale
1270,J.W. Lees Harvest Ale (Port Cask)
1271,Ola Dubh Special Reserve 18
1272,Bracia
1273,Traquair Jacobite
1274,Taddy Porter
1275,Old Engine Oil Engineer's Reserve Blackest Ale
1276,Kentucky Brunch Brand Stout
1277,Fuller's Vintage Ale
1278,Fuller's London Porter
1279,Old Chimneys Good King Henry Special Reserve
1280,Ola Dubh Special Reserve 40
1281,Oatmeal Stout
1282,Ola Dubh Special Reserve 30
1283,Courage Imperial Russian Stout
1284,Organic Chocolate Stout
1285,Harvest Ale (Limited Edition)
1286,Buxton / Omnipollo Yellow Belly Sundae
1287,Buxton / Omnipollo - Yellow Belly
